objective,L,variant,target_kind,post_offset,winsor_pct,drop_rule,spread_tercile,n_events,n_firms,n_quarters,sd_signal,median_spread_bp,dlog_per_1sd,pct_per_1sd,bp_per_1sd_at_median,fm_slope,fm_t,fm_p,fm_nq,pic_mean,pic_t,pic_p,pic_nq
ridge_delta_v3,2,log_post21,log,21,0.0,none,all,981,91,15,1.9615409103788575,281.1337,-0.014022627540114962,-0.013924768446436309,-3.9147216749898908,-0.007148781585904621,-2.209539239246364,0.04568959009086861,14,-0.06139345655703147,-1.4757361720861992,0.16382139449357505,14
ridge_delta_v3,2,log_post42,log,42,0.0,none,all,941,90,14,1.9823582795847063,279.88679999999994,-0.022945306188918296,-0.02268406455533367,-6.348970239385763,-0.011574752367026821,-3.035690560653683,0.009559580615103433,14,-0.11195692941477407,-2.6795657254070826,0.01891652262393706,14
ridge_delta_v3,2,log_post63,log,63,0.0,none,all,900,90,14,2.0035394517886096,281.95224999999994,-0.0226213041329532,-0.022367360879371634,-6.30652772650081,-0.011290670674220364,-2.206639278897647,0.047566608662981166,13,-0.07182035022921518,-1.8262578930462046,0.09277974153780516,13
ridge_delta_v3,2,raw_bp_post63,raw_bp,63,0.0,none,all,900,90,14,2.0035394517886096,281.95224999999994,,,-12.550788448648898,-6.264308116041587,-1.3370890763809808,0.20598815561697373,13,-0.09084014164154935,-2.058456237611258,0.06193962469378381,13
ridge_delta_v3,2,log_post63_winsor_0.01,log,63,0.01,none,all,900,90,14,1.9199822792819148,281.95224999999994,-0.02008581538239969,-0.01988543920809671,-5.606744326961085,-0.010461458732792007,-2.053581702729248,0.062475333968726336,13,-0.06919067717399643,-1.7294233246608806,0.10934667511962844,13
ridge_delta_v3,2,log_post63_winsor_0.05,log,63,0.05,none,all,900,90,14,1.6702364700222447,281.95224999999994,-0.014335012569614497,-0.014232755478960302,-4.012957430992683,-0.008582624572569404,-1.7387019678900435,0.10765170236537476,13,-0.06514069213294693,-1.7441828231213097,0.10666154480112637,13
ridge_delta_v3,2,drop_covid_2020,log,63,0.0,drop_covid_2020,all,900,90,14,2.0035394517886096,281.95224999999994,-0.0226213041329532,-0.022367360879371634,-6.30652772650081,-0.011290670674220364,-2.206639278897647,0.047566608662981166,13,-0.07182035022921518,-1.8262578930462046,0.09277974153780516,13
ridge_delta_v3,2,drop_2022_tightening,log,63,0.0,drop_2022_tightening,all,688,84,11,1.8365523013656841,273.5352,-0.020052692209689523,-0.019852974166554294,-5.430487259243262,-0.010918661121046256,-1.6655170614052415,0.13016351582102598,10,-0.06262075381796486,-1.2321878539988653,0.2490985837801666,10
ridge_delta_v3,2,loo_2022Q1,log,63,0.0,leave_out_2022Q1,all,900,90,14,2.0035394517886096,281.95224999999994,-0.0226213041329532,-0.022367360879371634,-6.30652772650081,-0.011290670674220364,-2.206639278897647,0.047566608662981166,13,-0.07182035022921518,-1.8262578930462046,0.09277974153780516,13
ridge_delta_v3,2,loo_2022Q2,log,63,0.0,leave_out_2022Q2,all,828,88,13,1.9304954234546492,279.04485,-0.022725602361700705,-0.02246932091477971,-6.269948284266567,-0.011771901702327227,-2.125750330460833,0.05699849091517296,12,-0.0741261503112894,-1.7368346733444695,0.11029815440973544,12
ridge_delta_v3,2,loo_2022Q3,log,63,0.0,leave_out_2022Q3,all,829,90,13,1.9821054892161059,279.0749,-0.020231222811001173,-0.02002794478518055,-5.589296688129784,-0.010206935463864907,-1.8775796309116748,0.08719223004188047,12,-0.06643437561440184,-1.5687139987457315,0.1450132188240527,12
ridge_delta_v3,2,loo_2022Q4,log,63,0.0,leave_out_2022Q4,all,831,90,13,1.9636012604367703,281.2183,-0.02274472111583468,-0.022488009904835904,-6.324039915821115,-0.011583166895490533,-2.0858081205889842,0.06108184051454063,12,-0.06723419441924566,-1.5834444933451175,0.1416267685159046,12
ridge_delta_v3,2,loo_2023Q1,log,63,0.0,leave_out_2023Q1,all,831,90,13,1.9829596832785603,279.7276999999999,-0.01913361970089469,-0.018951733891392708,-5.3013249324513305,-0.00964902103771459,-1.8315078223037202,0.09421755461937656,12,-0.05656253445091051,-1.4354672247338285,0.17897327513672712,12
ridge_delta_v3,2,loo_2023Q2,log,63,0.0,leave_out_2023Q2,all,830,90,13,2.0070150161313225,281.58494999999994,-0.023547391509734953,-0.023272315027607626,-6.55313366343314,-0.011732543762988072,-2.1171615189155566,0.05785412613914612,12,-0.06822470697454336,-1.6025213111180303,0.13734418632079567,12
ridge_delta_v3,2,loo_2023Q3,log,63,0.0,leave_out_2023Q3,all,829,90,13,2.030056607251566,279.2115,-0.02463450412436469,-0.024333551068940085,-6.794207294285364,-0.012134885321112607,-2.2118985418696058,0.049055487852919646,12,-0.08381085672327732,-2.0583855762165055,0.0640434137467566,12
ridge_delta_v3,2,loo_2023Q4,log,63,0.0,leave_out_2023Q4,all,826,90,13,2.0240508129227,282.44735000000003,-0.02552795840143831,-0.02520487512866887,-7.119050187173432,-0.012612311034116927,-2.3470629642679857,0.038687264635309075,12,-0.0847719350116757,-2.10000951368034,0.059599337930985256,12
ridge_delta_v3,2,loo_2024Q1,log,63,0.0,leave_out_2024Q1,all,828,90,13,2.02647690502908,283.16280000000006,-0.019689083510309124,-0.01949651938018604,-5.520689017947745,-0.009715918035605044,-1.8358152582524825,0.09353942587558263,12,-0.060920585108811216,-1.483063254390617,0.16613290831308652,12
ridge_delta_v3,2,loo_2024Q2,log,63,0.0,leave_out_2024Q2,all,830,90,13,2.0177820696588946,284.2099,-0.01815686080782186,-0.01799301813208809,-5.113793884018943,-0.008998425092998903,-1.8094543653919324,0.09776029133820655,12,-0.05414603202630321,-1.4177504032235506,0.18396352835449897,12
ridge_delta_v3,2,loo_2024Q3,log,63,0.0,leave_out_2024Q3,all,835,90,13,2.012165590610958,284.2069,-0.022961951367978056,-0.022700332018689373,-6.4515909920024495,-0.011411561491321434,-2.052119260975152,0.06473886999285505,12,-0.07229474421684791,-1.6911322815024987,0.11891379710061352,12
ridge_delta_v3,2,loo_2024Q4,log,63,0.0,leave_out_2024Q4,all,836,90,13,2.012899251478621,284.33054999999996,-0.02549164923687088,-0.025169480489489415,-7.156452230790793,-0.012664145618885498,-2.3634753138217612,0.03758252121584165,12,-0.08283056256516626,-2.0181552414756614,0.06863329170322362,12
ridge_delta_v3,2,loo_2025Q1,log,63,0.0,leave_out_2025Q1,all,837,90,13,2.0182268204443456,281.73349999999994,-0.019914367130830002,-0.01971738587449756,-5.5550481332727575,-0.00986725918469636,-1.8468162982037895,0.09182770825695476,12,-0.06819276420760984,-1.601891514725306,0.1374837344367207,12
ridge_delta_v3,2,loo_2025Q2,log,63,0.0,leave_out_2025Q2,all,835,87,13,2.03078828513785,284.2069,-0.029305583033489877,-0.028880338572092823,-8.207991496524928,-0.014430644123742625,-3.285769026053182,0.007259041464262176,12,-0.09411511134971505,-2.6723237385751215,0.021703744918723723,12
ridge_delta_v3,2,loo_2025Q3,log,63,0.0,leave_out_2025Q3,all,895,90,13,2.006841224413384,282.171,-0.022658583360300685,-0.022403805589468195,-6.32170422698583,-0.011290670674220364,-2.206639278897647,0.047566608662981166,13,-0.07182035022921518,-1.8262578930462046,0.09277974153780516,13
ridge_delta_v3,2,loo_2025Q4,log,63,0.0,leave_out_2025Q4,all,900,90,14,2.0035394517886096,281.95224999999994,-0.0226213041329532,-0.022367360879371634,-6.30652772650081,-0.011290670674220364,-2.206639278897647,0.047566608662981166,13,-0.07182035022921518,-1.8262578930462046,0.09277974153780516,13
ridge_delta_v3,2,loo_2026Q1,log,63,0.0,leave_out_2026Q1,all,900,90,14,2.0035394517886096,281.95224999999994,-0.0226213041329532,-0.022367360879371634,-6.30652772650081,-0.011290670674220364,-2.206639278897647,0.047566608662981166,13,-0.07182035022921518,-1.8262578930462046,0.09277974153780516,13
ridge_delta_v3,2,loo_2026Q2,log,63,0.0,leave_out_2026Q2,all,900,90,14,2.0035394517886096,281.95224999999994,-0.0226213041329532,-0.022367360879371634,-6.30652772650081,-0.011290670674220364,-2.206639278897647,0.047566608662981166,13,-0.07182035022921518,-1.8262578930462046,0.09277974153780516,13
ridge_delta_v3,2,spread_pre_tercile,log,63,0.0,none,low,312,53,14,1.6460870614997212,176.80885000000006,-0.022513079659593517,-0.022261551376377975,-3.9360392980733083,-0.013676724752992253,-1.2688438058025984,0.2285569223152606,13,-0.027126844471821072,-0.37678007264982316,0.7129150980663873,13
ridge_delta_v3,2,spread_pre_tercile,log,63,0.0,none,middle,295,69,14,2.389561601726507,284.2129,-0.024433384419626773,-0.02413730558705318,-6.860133619082587,-0.01022504898052143,-1.439638334310979,0.17554303232754484,13,-0.08121803672562884,-1.757756237277192,0.10424436589128329,13
ridge_delta_v3,2,spread_pre_tercile,log,63,0.0,none,high,293,50,14,1.887029752289306,584.1271,-0.027764873257412517,-0.02738297180838667,-15.995135911814662,-0.014713532324399623,-1.246162200138466,0.2364844834068947,13,-0.08510557153622646,-1.333464977462959,0.20713909859170448,13
ridge_delta_v3,4,log_post21,log,21,0.0,none,all,981,91,15,1.5798280888854332,281.1337,-0.01573917596687367,-0.015615962410392314,-4.390173291494509,-0.009962587750910062,-3.0325747555672584,0.009617056251438067,14,-0.07374403872597173,-1.8701412496048524,0.08414741410059547,14
ridge_delta_v3,4,log_post42,log,42,0.0,none,all,941,90,14,1.5981329122282462,279.88679999999994,-0.02290398274118899,-0.022643677656903116,-6.33766647962211,-0.014331713317420142,-4.276190574255591,0.0009022361681769825,14,-0.11560878203550726,-3.0349456660841203,0.009573290154393918,14
ridge_delta_v3,4,log_post63,log,63,0.0,none,all,900,90,14,1.6162748660705197,281.95224999999994,-0.024437500347784545,-0.024141322159529244,-6.806700100854128,-0.01511964385562518,-2.7441768818816525,0.01779317170788141,13,-0.07509606530213334,-2.157418462498674,0.05195038916244871,13
ridge_delta_v3,4,raw_bp_post63,raw_bp,63,0.0,none,all,900,90,14,1.6162748660705197,281.95224999999994,,,-12.8185269152425,-7.930907783282461,-1.4700528500470595,0.16727427862772815,13,-0.0865644120994851,-2.308680185921023,0.03957069250900913,13
ridge_delta_v3,4,log_post63_winsor_0.01,log,63,0.01,none,all,900,90,14,1.5633366310832757,281.95224999999994,-0.02291068289929331,-0.02265022607684941,-6.386282205376363,-0.014654990130575982,-2.5845689719130296,0.023895806376360147,13,-0.07383594349897431,-2.151403190418552,0.052511552090384106,13
ridge_delta_v3,4,log_post63_winsor_0.05,log,63,0.05,none,all,900,90,14,1.373456554814335,281.95224999999994,-0.018178399073966737,-0.0180141686320463,-5.079135377684875,-0.01323551080683736,-2.4849520148464874,0.028696449484820884,13,-0.07287694841758809,-2.142732094946335,0.0533305306977256,13
ridge_delta_v3,4,drop_covid_2020,log,63,0.0,drop_covid_2020,all,900,90,14,1.6162748660705197,281.95224999999994,-0.024437500347784545,-0.024141322159529244,-6.806700100854128,-0.01511964385562518,-2.7441768818816525,0.01779317170788141,13,-0.07509606530213334,-2.157418462498674,0.05195038916244871,13
ridge_delta_v3,4,drop_2022_tightening,log,63,0.0,drop_2022_tightening,all,688,84,11,1.5143561360158666,273.5352,-0.024061326708947863,-0.023774160795812183,-6.5030698281146435,-0.01588881646575622,-2.2681442679778168,0.04951305326147223,10,-0.07194732527494421,-1.6062438269380077,0.14268273733300998,10
ridge_delta_v3,4,loo_2022Q1,log,63,0.0,leave_out_2022Q1,all,900,90,14,1.6162748660705197,281.95224999999994,-0.024437500347784545,-0.024141322159529244,-6.806700100854128,-0.01511964385562518,-2.7441768818816525,0.01779317170788141,13,-0.07509606530213334,-2.157418462498674,0.05195038916244871,13
ridge_delta_v3,4,loo_2022Q2,log,63,0.0,leave_out_2022Q2,all,828,88,13,1.5702668042057768,279.04485,-0.02581976699740327,-0.02548928722644539,-7.112654330710369,-0.016442917170666812,-2.8279734522624347,0.016431617022978046,12,-0.0795104366410344,-2.1182968611957564,0.057740327660882586,12
ridge_delta_v3,4,loo_2022Q3,log,63,0.0,leave_out_2022Q3,all,829,90,13,1.6032246929404286,279.0749,-0.0231974281024497,-0.022930436259944842,-6.399309206200481,-0.014469230797527178,-2.4326967085206395,0.033250404503848176,12,-0.07419165178578417,-1.9612978887829426,0.07564680198283423,12
ridge_delta_v3,4,loo_2022Q4,log,63,0.0,leave_out_2022Q4,all,831,90,13,1.5926772524780057,281.2183,-0.024029933375246483,-0.023743513331213606,-6.677110455031227,-0.01508776077379075,-2.518994778238212,0.028526477073568278,12,-0.06896215745692384,-1.8514107843485523,0.09112134805551593,12
ridge_delta_v3,4,loo_2023Q1,log,63,0.0,leave_out_2023Q1,all,831,90,13,1.6036872413895416,279.7276999999999,-0.02169044394233034,-0.021456897883424753,-6.0020886940652725,-0.013525357926734075,-2.3590214665430373,0.03787926164134998,12,-0.0634817044061383,-1.779594267452949,0.10275033472696535,12
ridge_delta_v3,4,loo_2023Q2,log,63,0.0,leave_out_2023Q2,all,830,90,13,1.6196377237931059,281.58494999999994,-0.025216529066154618,-0.024901248054157388,-7.011816688267504,-0.0155692403898193,-2.6080347640465007,0.024342683771508212,12,-0.0705632387957668,-1.880764103400588,0.08672486878560617,12
ridge_delta_v3,4,loo_2023Q3,log,63,0.0,leave_out_2023Q3,all,829,90,13,1.6281074615359767,279.2115,-0.025986346539074976,-0.02565160725436011,-7.162223738900767,-0.015961075760047887,-2.6963844926804237,0.020790625781457857,12,-0.08017756727874192,-2.1417686494752264,0.05543464444326362,12
ridge_delta_v3,4,loo_2023Q4,log,63,0.0,leave_out_2023Q4,all,826,90,13,1.6328754164171086,282.44735000000003,-0.026261559416541864,-0.025919723582957355,-7.320957238738811,-0.0160830147557525,-2.7271244339107192,0.01967924072489783,12,-0.08530939593217968,-2.358238925980078,0.037931632624245454,12
ridge_delta_v3,4,loo_2024Q1,log,63,0.0,leave_out_2024Q1,all,828,90,13,1.6294643677389768,283.16280000000006,-0.023055919924968204,-0.022792163143549815,-6.453892733784369,-0.01414938576224302,-2.3997907095798228,0.03524561633701606,12,-0.07161871798817356,-1.9021573228597053,0.08364443654726741,12
ridge_delta_v3,4,loo_2024Q2,log,63,0.0,leave_out_2024Q2,all,830,90,13,1.619395300976249,284.2099,-0.019497463041144403,-0.019308616840800652,-5.487700061462269,-0.012039965182923773,-2.4241628267439235,0.033757033601037344,12,-0.0574176988896635,-1.7614411765206452,0.10589572753803532,12
ridge_delta_v3,4,loo_2024Q3,log,63,0.0,leave_out_2024Q3,all,835,90,13,1.619578615254895,284.2069,-0.023763639345077647,-0.023483507439428175,-6.6741748504868195,-0.014672729758992059,-2.4577604650339873,0.031804889941042844,12,-0.07178967680458387,-1.905776843351432,0.08313334414257567,12
ridge_delta_v3,4,loo_2024Q4,log,63,0.0,leave_out_2024Q4,all,836,90,13,1.62068508697508,284.33054999999996,-0.02622684492002135,-0.02588590828965398,-7.3601545412468745,-0.016182566947026286,-2.7534581359398125,0.018774208747228658,12,-0.07980110981601686,-2.128408536433267,0.05673611252443767,12
ridge_delta_v3,4,loo_2025Q1,log,63,0.0,leave_out_2025Q1,all,837,90,13,1.6263548964021073,281.73349999999994,-0.02229075502936331,-0.022044151871589146,-6.2105760613143595,-0.013705959922201411,-2.3675135666239755,0.037315416525911485,12,-0.0736455774004038,-1.94789678043701,0.07739430694333475,12
ridge_delta_v3,4,loo_2025Q2,log,63,0.0,leave_out_2025Q2,all,835,87,13,1.6398329240631304,284.2069,-0.03060939189265876,-0.030145667936911424,-8.567606832778992,-0.01866616497540231,-4.0721498059546715,0.001844665591755922,12,-0.09977991573232277,-3.73983376760273,0.0032671253952561456,12
ridge_delta_v3,4,loo_2025Q3,log,63,0.0,leave_out_2025Q3,all,895,90,13,1.6198627181972416,282.171,-0.024491747394147226,-0.024194258174645267,-6.8269180233978295,-0.01511964385562518,-2.7441768818816525,0.01779317170788141,13,-0.07509606530213334,-2.157418462498674,0.05195038916244871,13
ridge_delta_v3,4,loo_2025Q4,log,63,0.0,leave_out_2025Q4,all,900,90,14,1.6162748660705197,281.95224999999994,-0.024437500347784545,-0.024141322159529244,-6.806700100854128,-0.01511964385562518,-2.7441768818816525,0.01779317170788141,13,-0.07509606530213334,-2.157418462498674,0.05195038916244871,13
ridge_delta_v3,4,loo_2026Q1,log,63,0.0,leave_out_2026Q1,all,900,90,14,1.6162748660705197,281.95224999999994,-0.024437500347784545,-0.024141322159529244,-6.806700100854128,-0.01511964385562518,-2.7441768818816525,0.01779317170788141,13,-0.07509606530213334,-2.157418462498674,0.05195038916244871,13
ridge_delta_v3,4,loo_2026Q2,log,63,0.0,leave_out_2026Q2,all,900,90,14,1.6162748660705197,281.95224999999994,-0.024437500347784545,-0.024141322159529244,-6.806700100854128,-0.01511964385562518,-2.7441768818816525,0.01779317170788141,13,-0.07509606530213334,-2.157418462498674,0.05195038916244871,13
ridge_delta_v3,4,spread_pre_tercile,log,63,0.0,none,low,312,53,14,1.369376167002132,176.80885000000006,-0.020349999869320803,-0.020144336070690327,-3.5616968946722767,-0.01486078139790578,-1.302890704080425,0.217059565048044,13,-0.024906961221345336,-0.39344646865431115,0.700890670707275,13
ridge_delta_v3,4,spread_pre_tercile,log,63,0.0,none,middle,295,69,14,1.9506495278164893,284.2129,-0.026809811217007,-0.02645361848050798,-7.5184596238387655,-0.01374404311727759,-1.8790778084128799,0.08473218169837834,13,-0.10016547552274449,-2.1923089669139593,0.04880543427670806,13
ridge_delta_v3,4,spread_pre_tercile,log,63,0.0,none,high,293,50,14,1.4694480212269707,584.1271,-0.03208403003095941,-0.031574798139639926,-18.443695270393267,-0.021834069369918677,-1.8166162982548397,0.0943213959309868,13,-0.0865079832862017,-1.6352471923005434,0.1279383302952937,13
residual_delta_v3,2,log_post21,log,21,0.0,none,all,981,91,15,2.1642612226587516,281.1337,-0.014800954780358167,-0.014691959058677706,-4.13040481041458,-0.006838802370711743,-2.275294596130248,0.04047001201869931,14,-0.05984539113412134,-1.3670300195733172,0.19479039017746824,14
residual_delta_v3,2,log_post42,log,42,0.0,none,all,941,90,14,2.185683844954439,279.88679999999994,-0.024328068393697937,-0.024034526194161798,-6.726946626000123,-0.011130643825665034,-2.9739928459861753,0.010763891440712358,14,-0.10945205357489374,-2.621806343050313,0.021113557302914986,14
residual_delta_v3,2,log_post63,log,63,0.0,none,all,900,90,14,2.2095603938157278,281.95224999999994,-0.024636085649181048,-0.024335094108421385,-6.861334537831151,-0.01114976794394679,-2.339536080048836,0.037417137612932874,13,-0.0785711314085805,-1.862312996514418,0.08721488260010543,13
residual_delta_v3,2,raw_bp_post63,raw_bp,63,0.0,none,all,900,90,14,2.2095603938157278,281.95224999999994,,,-14.479420710184149,-6.55307759439849,-1.6516503495495962,0.12451242250588847,13,-0.09696653156363506,-2.0486667524304796,0.06301985482447413,13
residual_delta_v3,2,log_post63_winsor_0.01,log,63,0.01,none,all,900,90,14,2.1042712272702624,281.95224999999994,-0.02185927448612611,-0.02162209190219233,-6.096397461529906,-0.010388049887695684,-2.1522220675787724,0.05243482488170962,13,-0.07888563541422546,-1.911163776059611,0.0801595545630769,13
residual_delta_v3,2,log_post63_winsor_0.05,log,63,0.05,none,all,900,90,14,1.8690575027533076,281.95224999999994,-0.016000673612508502,-0.015873342864964335,-4.47552473579814,-0.00856082468781079,-1.907496795130802,0.08067047219805568,13,-0.06970868198099335,-1.7857090813906946,0.09942051570170912,13
residual_delta_v3,2,drop_covid_2020,log,63,0.0,drop_covid_2020,all,900,90,14,2.2095603938157278,281.95224999999994,-0.024636085649181048,-0.024335094108421385,-6.861334537831151,-0.01114976794394679,-2.339536080048836,0.037417137612932874,13,-0.0785711314085805,-1.862312996514418,0.08721488260010543,13
residual_delta_v3,2,drop_2022_tightening,log,63,0.0,drop_2022_tightening,all,688,84,11,2.030595840223422,273.5352,-0.022406178904568433,-0.022157024811118253,-6.060726213114193,-0.011034287799044803,-1.806947862237745,0.10423764502352549,10,-0.07441183342439975,-1.3668327417104202,0.2048450659818749,10
residual_delta_v3,2,loo_2022Q1,log,63,0.0,leave_out_2022Q1,all,900,90,14,2.2095603938157278,281.95224999999994,-0.024636085649181048,-0.024335094108421385,-6.861334537831151,-0.01114976794394679,-2.339536080048836,0.037417137612932874,13,-0.0785711314085805,-1.862312996514418,0.08721488260010543,13
residual_delta_v3,2,loo_2022Q2,log,63,0.0,leave_out_2022Q2,all,828,88,13,2.1232661893258107,279.04485,-0.02496240080352801,-0.02465341641325769,-6.87940888502503,-0.011756604484647395,-2.2878103390517706,0.042942665907371565,12,-0.08425586205723969,-1.8539286674946165,0.09073636071766612,12
residual_delta_v3,2,loo_2022Q3,log,63,0.0,leave_out_2022Q3,all,829,90,13,2.1827747759534923,279.0749,-0.02229475582093605,-0.02204806446127805,-6.153061384724726,-0.010213951556773477,-2.0105770733627146,0.06953166950608945,12,-0.07346826738724102,-1.6136680079447505,0.1348948682022876,12
residual_delta_v3,2,loo_2022Q4,log,63,0.0,leave_out_2022Q4,all,831,90,13,2.1776596245617235,281.2183,-0.02478724189623065,-0.024482560808436693,-6.884944130195192,-0.011382514336334512,-2.199608109254616,0.050120404740346354,12,-0.07452318312777688,-1.6323524876443098,0.1308754884104897,12
residual_delta_v3,2,loo_2023Q1,log,63,0.0,leave_out_2023Q1,all,831,90,13,2.2047128200715838,279.7276999999999,-0.02009425475242378,-0.019893710722638014,-5.564821944908868,-0.009114227744079316,-1.9455615636626544,0.07770262639932574,12,-0.059811211382557045,-1.4559042133353786,0.17335988203802494,12
residual_delta_v3,2,loo_2023Q2,log,63,0.0,leave_out_2023Q2,all,830,90,13,2.2253906148168436,281.58494999999994,-0.025158922872999836,-0.02484507470915709,-6.995999119724262,-0.011305396322555486,-2.1832630165993927,0.051570852245788855,12,-0.0753893348548486,-1.648400749980641,0.1275080879058785,12
residual_delta_v3,2,loo_2023Q3,log,63,0.0,leave_out_2023Q3,all,829,90,13,2.2427674987843447,279.2115,-0.026616388896292767,-0.026265294667644268,-7.333572322094957,-0.01186765409732384,-2.3170603495548483,0.040788461017858914,12,-0.08905903421040219,-2.004673050436186,0.07023918839553998,12
residual_delta_v3,2,loo_2023Q4,log,63,0.0,leave_out_2023Q4,all,826,90,13,2.23749428957063,282.44735000000003,-0.02814790520235668,-0.027755443861479323,-7.839451566748603,-0.012580101470452557,-2.5454808931695436,0.027213165470689343,12,-0.0947904522136705,-2.238749913906503,0.04680365221632115,12
residual_delta_v3,2,loo_2024Q1,log,63,0.0,leave_out_2024Q1,all,828,90,13,2.23277598913143,283.16280000000006,-0.021292817886423492,-0.021067726281938426,-5.9655963636272755,-0.009536477456794307,-1.956161762682682,0.07631217580595318,12,-0.06357661151594014,-1.4829739245519356,0.16615624943595655,12
residual_delta_v3,2,loo_2024Q2,log,63,0.0,leave_out_2024Q2,all,830,90,13,2.2203767200523434,284.2099,-0.020134074512553224,-0.019932737542953993,-5.6650813438092005,-0.009067864174003131,-1.9456915752078356,0.07768543102242881,12,-0.06194927420107085,-1.469528098498426,0.1697017150557658,12
residual_delta_v3,2,loo_2024Q3,log,63,0.0,leave_out_2024Q3,all,835,90,13,2.211898467701113,284.2069,-0.02553233394718714,-0.025209140380002104,-7.16461163906522,-0.011543176289517301,-2.2356234831718824,0.04706066444742393,12,-0.07670890634530955,-1.6741084685395187,0.12227382848310236,12
residual_delta_v3,2,loo_2024Q4,log,63,0.0,leave_out_2024Q4,all,836,90,13,2.211262487148332,284.33054999999996,-0.028063871252374514,-0.027673738878130294,-7.8684893957751685,-0.012691334210876967,-2.5887753411445877,0.02519315809479667,12,-0.08900685145575465,-2.0028438196355345,0.07045975899288559,12
residual_delta_v3,2,loo_2025Q1,log,63,0.0,leave_out_2025Q1,all,837,90,13,2.2121265058250175,281.73349999999994,-0.022638208366714138,-0.02238388687035564,-6.30629079158934,-0.010233686141865187,-2.012778169730682,0.06926960659967513,12,-0.07785426076687364,-1.6976940261591325,0.11764086121071368,12
residual_delta_v3,2,loo_2025Q2,log,63,0.0,leave_out_2025Q2,all,835,87,13,2.2338543375858486,284.2069,-0.030501035925041036,-0.030040572738569415,-8.537738052253324,-0.013653994986084834,-3.0974957567265142,0.010149390074521127,12,-0.10103145879286198,-2.6021651713257996,0.02459883674684908,12
residual_delta_v3,2,loo_2025Q3,log,63,0.0,leave_out_2025Q3,all,895,90,13,2.213685150003095,282.171,-0.024682075723495553,-0.024379963978157115,-6.879318815680572,-0.01114976794394679,-2.339536080048836,0.037417137612932874,13,-0.0785711314085805,-1.862312996514418,0.08721488260010543,13
residual_delta_v3,2,loo_2025Q4,log,63,0.0,leave_out_2025Q4,all,900,90,14,2.2095603938157278,281.95224999999994,-0.024636085649181048,-0.024335094108421385,-6.861334537831151,-0.01114976794394679,-2.339536080048836,0.037417137612932874,13,-0.0785711314085805,-1.862312996514418,0.08721488260010543,13
residual_delta_v3,2,loo_2026Q1,log,63,0.0,leave_out_2026Q1,all,900,90,14,2.2095603938157278,281.95224999999994,-0.024636085649181048,-0.024335094108421385,-6.861334537831151,-0.01114976794394679,-2.339536080048836,0.037417137612932874,13,-0.0785711314085805,-1.862312996514418,0.08721488260010543,13
residual_delta_v3,2,loo_2026Q2,log,63,0.0,leave_out_2026Q2,all,900,90,14,2.2095603938157278,281.95224999999994,-0.024636085649181048,-0.024335094108421385,-6.861334537831151,-0.01114976794394679,-2.339536080048836,0.037417137612932874,13,-0.0785711314085805,-1.862312996514418,0.08721488260010543,13
residual_delta_v3,2,spread_pre_tercile,log,63,0.0,none,low,312,53,14,1.8246660629697589,176.80885000000006,-0.028353781238784157,-0.02795558511428453,-4.942794855133768,-0.015539161830322307,-1.6321906542527478,0.12858577142438526,13,-0.053050963573196046,-0.7984595701098756,0.440120525647278,13
residual_delta_v3,2,spread_pre_tercile,log,63,0.0,none,middle,295,69,14,2.6003159036992303,284.2129,-0.025796272238063148,-0.02546639106280557,-7.237876856494053,-0.009920437821175944,-1.254521581771928,0.23353755573859858,13,-0.08929765336307124,-1.9768565568586944,0.07149558031409227,13
residual_delta_v3,2,spread_pre_tercile,log,63,0.0,none,high,293,50,14,2.092897909735132,584.1271,-0.026206207294851732,-0.0258658046807122,-15.108917477310845,-0.012521493367141007,-1.086602368489082,0.29855758749090955,13,-0.09837879687810493,-1.497202309245633,0.16017433170417025,13
residual_delta_v3,4,log_post21,log,21,0.0,none,all,981,91,15,2.1651003195155414,281.1337,-0.01427567162441237,-0.01417425738327216,-3.98486142291162,-0.006593538181919749,-2.1065902125838085,0.05514872007704867,14,-0.06022361591524512,-1.3032249729344492,0.21510792759479208,14
residual_delta_v3,4,log_post42,log,42,0.0,none,all,941,90,14,2.188251214798204,279.88679999999994,-0.024030576001124907,-0.02374414069869435,-6.645671558907324,-0.01098163494146213,-2.7493719944478654,0.016557702516880077,14,-0.09858250507094901,-2.3667584653792537,0.03414194515206192,14
residual_delta_v3,4,log_post63,log,63,0.0,none,all,900,90,14,2.213981022094629,281.95224999999994,-0.022903882696407682,-0.022643579877498765,-6.3844082945155,-0.010345112477404394,-1.9559491042513848,0.07415464544899475,13,-0.07398118958274157,-1.6533844996362292,0.12415499028821317,13
residual_delta_v3,4,raw_bp_post63,raw_bp,63,0.0,none,all,900,90,14,2.213981022094629,281.95224999999994,,,-12.389587500338518,-5.596067616070544,-1.3615226921020995,0.19836476486294255,13,-0.09431848608524286,-2.004147417048461,0.06815714466723007,13
residual_delta_v3,4,log_post63_winsor_0.01,log,63,0.01,none,all,900,90,14,2.1015710466042012,281.95224999999994,-0.02043045757669291,-0.020223169839530986,-5.701968238387899,-0.009721516486299726,-1.8281682861587376,0.092476996797816,13,-0.0726348021013295,-1.641181853533206,0.12668940089038946,13
residual_delta_v3,4,log_post63_winsor_0.05,log,63,0.05,none,all,900,90,14,1.8173498202793499,281.95224999999994,-0.014171603397889938,-0.014071658908049733,-3.9675358903571647,-0.007797950201855789,-1.5541684184888147,0.1461098539052297,13,-0.06458116796304271,-1.6093334647992215,0.13351902867691495,13
residual_delta_v3,4,drop_covid_2020,log,63,0.0,drop_covid_2020,all,900,90,14,2.213981022094629,281.95224999999994,-0.022903882696407682,-0.022643579877498765,-6.3844082945155,-0.010345112477404394,-1.9559491042513848,0.07415464544899475,13,-0.07398118958274157,-1.6533844996362292,0.12415499028821317,13
residual_delta_v3,4,drop_2022_tightening,log,63,0.0,drop_2022_tightening,all,688,84,11,1.9930136914673477,273.5352,-0.0201811533933922,-0.019978876926713518,-5.464926095923967,-0.010125948195836986,-1.4843309321944815,0.171877166988565,10,-0.06661103610779416,-1.151807616312309,0.27907753498671695,10
residual_delta_v3,4,loo_2022Q1,log,63,0.0,leave_out_2022Q1,all,900,90,14,2.213981022094629,281.95224999999994,-0.022903882696407682,-0.022643579877498765,-6.3844082945155,-0.010345112477404394,-1.9559491042513848,0.07415464544899475,13,-0.07398118958274157,-1.6533844996362292,0.12415499028821317,13
residual_delta_v3,4,loo_2022Q2,log,63,0.0,leave_out_2022Q2,all,828,88,13,2.1040195054038495,279.04485,-0.022789124305270178,-0.022531413591269422,-6.287274925863737,-0.010831232432370436,-1.891764329986271,0.08512812098661209,12,-0.07832945161900352,-1.6179410531959995,0.13396617829218646,12
residual_delta_v3,4,loo_2022Q3,log,63,0.0,leave_out_2022Q3,all,829,90,13,2.178599299276882,279.0749,-0.020470331811266222,-0.020262236911796294,-5.65468173993586,-0.009396097675263509,-1.661118549990083,0.12489429440776031,12,-0.06804031956641401,-1.4112553272079944,0.1858221894821417,12
residual_delta_v3,4,loo_2022Q4,log,63,0.0,leave_out_2022Q4,all,831,90,13,2.1814836016878303,281.2183,-0.023179071340229066,-0.022912500261667357,-6.443414372335649,-0.010625370423273063,-1.8505534542040116,0.09125277593780987,12,-0.06943200300035098,-1.4348058236376484,0.1791574887047037,12
residual_delta_v3,4,loo_2023Q1,log,63,0.0,leave_out_2023Q1,all,831,90,13,2.208600131893717,279.7276999999999,-0.01829140680182164,-0.018125134349525007,-5.0701021437836244,-0.008281900620071983,-1.5643103480303802,0.14603922928758836,12,-0.0547535229126637,-1.2465745677731586,0.2384458625436818,12
residual_delta_v3,4,loo_2023Q2,log,63,0.0,leave_out_2023Q2,all,830,90,13,2.2249216800910805,281.58494999999994,-0.023023837001626662,-0.022760810956498956,-6.409101815145209,-0.010348156165516868,-1.7997411446137561,0.09935879951534347,12,-0.06836691683116193,-1.416670967055564,0.1842713334087349,12
residual_delta_v3,4,loo_2023Q3,log,63,0.0,leave_out_2023Q3,all,829,90,13,2.2407547238275676,279.2115,-0.024862693992913958,-0.024556162867825027,-6.856363068569728,-0.0110956784910597,-1.9494785836377475,0.0771861062153982,12,-0.08340752278572994,-1.7540416599441426,0.10720262726307882,12
residual_delta_v3,4,loo_2023Q4,log,63,0.0,leave_out_2023Q4,all,826,90,13,2.239119858151146,282.44735000000003,-0.0259294704598846,-0.025596188562031275,-7.229575629446045,-0.011580206555487705,-2.071284214568266,0.06263393701479018,12,-0.08928487936007666,-1.9532998780709487,0.07668528119074611,12
residual_delta_v3,4,loo_2024Q1,log,63,0.0,leave_out_2024Q1,all,828,90,13,2.2372122487803137,283.16280000000006,-0.019592994652367683,-0.01940229939385274,-5.494009422801645,-0.008757771938290351,-1.5967498076853393,0.1386276840184597,12,-0.058906980720553455,-1.286184354252528,0.2247915109751456,12
residual_delta_v3,4,loo_2024Q2,log,63,0.0,leave_out_2024Q2,all,830,90,13,2.228691084945307,284.2099,-0.017873060434473856,-0.017714284633538968,-5.034575064269647,-0.008019532431033378,-1.552919892142219,0.14872251577157702,12,-0.056621079488263955,-1.262932639713802,0.23272778681807726,12
residual_delta_v3,4,loo_2024Q3,log,63,0.0,leave_out_2024Q3,all,835,90,13,2.2240383694140946,284.2069,-0.023839838679661562,-0.02355791451145084,-6.695321853764458,-0.010719166992582947,-1.868946453761288,0.08847092568859773,12,-0.07560811855146653,-1.555367123482556,0.14814241947206072,12
residual_delta_v3,4,loo_2024Q4,log,63,0.0,leave_out_2024Q4,all,836,90,13,2.227847490626062,284.33054999999996,-0.026809412111708696,-0.026453229932911437,-7.521461416101171,-0.012033773507617798,-2.2084893260750924,0.04934869734515667,12,-0.08565605672440472,-1.8240871913705134,0.09539633746081415,12
residual_delta_v3,4,loo_2025Q1,log,63,0.0,leave_out_2025Q1,all,837,90,13,2.2316807640453953,281.73349999999994,-0.020548031213845085,-0.02033835899331371,-5.729997063442747,-0.009207424083629871,-1.6397295595489074,0.12931790900716014,12,-0.07288982430091422,-1.4989023520695741,0.1620385157771341,12
residual_delta_v3,4,loo_2025Q2,log,63,0.0,leave_out_2025Q2,all,835,87,13,2.2454370722252346,284.2069,-0.030515828625674382,-0.030054920951878672,-8.541815913478487,-0.013590150890059506,-2.9931515616643436,0.012228614568950273,12,-0.1004587887146367,-2.5618918781521636,0.02642939670892095,12
residual_delta_v3,4,loo_2025Q3,log,63,0.0,leave_out_2025Q3,all,895,90,13,2.2180293566592195,282.171,-0.022945763172824533,-0.022684511172885502,-6.4009112021642744,-0.010345112477404394,-1.9559491042513848,0.07415464544899475,13,-0.07398118958274157,-1.6533844996362292,0.12415499028821317,13
residual_delta_v3,4,loo_2025Q4,log,63,0.0,leave_out_2025Q4,all,900,90,14,2.213981022094629,281.95224999999994,-0.022903882696407682,-0.022643579877498765,-6.3844082945155,-0.010345112477404394,-1.9559491042513848,0.07415464544899475,13,-0.07398118958274157,-1.6533844996362292,0.12415499028821317,13
residual_delta_v3,4,loo_2026Q1,log,63,0.0,leave_out_2026Q1,all,900,90,14,2.213981022094629,281.95224999999994,-0.022903882696407682,-0.022643579877498765,-6.3844082945155,-0.010345112477404394,-1.9559491042513848,0.07415464544899475,13,-0.07398118958274157,-1.6533844996362292,0.12415499028821317,13
residual_delta_v3,4,loo_2026Q2,log,63,0.0,leave_out_2026Q2,all,900,90,14,2.213981022094629,281.95224999999994,-0.022903882696407682,-0.022643579877498765,-6.3844082945155,-0.010345112477404394,-1.9559491042513848,0.07415464544899475,13,-0.07398118958274157,-1.6533844996362292,0.12415499028821317,13
residual_delta_v3,4,spread_pre_tercile,log,63,0.0,none,low,312,53,14,1.8404096105723555,176.80885000000006,-0.02654109548238593,-0.026191976097272085,-4.630973172986167,-0.014421298025134645,-1.5083982440292565,0.15732211793171733,13,-0.057595834849259904,-0.8539444928312455,0.40985915289944996,13
residual_delta_v3,4,spread_pre_tercile,log,63,0.0,none,middle,295,69,14,2.5855016621765063,284.2129,-0.02659507074100851,-0.026244536218725134,-7.459035747878905,-0.010286232312308963,-1.378013335891768,0.19335229917570745,13,-0.08999990104234958,-1.9589746738998814,0.07376428408122152,13
residual_delta_v3,4,spread_pre_tercile,log,63,0.0,none,high,293,50,14,2.1118355264724644,584.1271,-0.020515360413954596,-0.020306352141038153,-11.861490587723408,-0.009714468838500284,-0.7864683168741208,0.4468467308814069,13,-0.0965782085461871,-1.4260861799411728,0.17933683742443332,13
